id;nombre;distrito;latitud;longitud;intensidad_media;intensidad_total;ocupacion_media;velocidad_media;registros
1023;14RN01PM01;11,0;40,394388605262016;-3,705875925906873;2283,0407962644385;37158772;13,197326461753693;36,52013189153764;16276
1024;14RL30PM01;12,0;40,394168184003306;-3,7045455704993775;505,79484359726297;8278850;1,2000591953658484;34,542150333985006;16368
1025;14RA15PM01;2,0;40,39503533749025;-3,702334009623717;554,2065615835777;9071253;1,4131842619745845;45,01400089605735;16368
1026;14RM32PM01;2,0;40,39499061388556;-3,702449257046152;945,7909946236559;15480707;2,7861587107303145;44,626018246985986;16368
1027;14VE04PM01;2,0;40,39502684994618;-3,703368035460441;2223,1033618581905;36369971;10,629558883455584;36,41394661776691;16360
1028;14RC10PM01;2,0;40,39652119858305;-3,705418067561876;2001,728494623656;32764292;7,744883308895406;32,7071878054741;16368
1029;14RH25PM01;2,0;40,3963078484598;-3,706964803943296;1394,2010019550341;22820282;4,840227286613307;40,568079993483224;16368
1030;14RE35PM01;11,0;40,39546419450289;-3,7062574184935593;1519,0173679060665;24838972;5,673806466079582;41,18509458577952;16352
1031;15RR60PM01;2,0;40,40014961888843;-3,712242417678693;4515,070232273839;73866549;21,0016662590192;30,143612469437652;16360
1032;15RC05PM01;2,0;40,397998589198856;-3,710492421046952;1035,2465158924206;16936633;2,529059270327481;44,065199674001626;16360
1033;15RH53PM01;11,0;40,39892233569177;-3,7145510155975217;1379,7848410757947;22573280;4,27927580100486;45,808633863080686;16360
1034;15RN03PM01;11,0;40,39924681114943;-3,717771703103932;1066,5470048899756;17448709;3,6162448189526395;42,59748879380603;16360
1035;15RU11PM01;11,0;40,39735078952656;-3,713039122693756;995,0943914956011;16287705;2,1421437183004906;44,172180474095796;16368
1036;15RT07PM01;11,0;40,39742744145666;-3,7130247580425686;1561,7696021511947;25555236;4,231313379129865;43,97022754588605;16363
1037;15RR22PM01;11,0;40,397520302097234;-3,713005118873502;2042,82967670965;33426822;4,10435564272289;38,70577929882458;16363
1038;17RA10PM01;2,0;40,409574495670206;-3,7213538386333527;1965,2746332518338;32151893;4,3669988384178025;51,616681947840256;16360
1039;16RE18PM01;11,0;40,40311954393364;-3,7230504628096073;1876,476466992665;30699155;5,922784229828851;39,92860126324368;16360
1040;16RC01PM01;11,0;40,404279828581686;-3,7233792585382446;745,0931540342299;12189724;2,583751018744906;34,23232477587612;16360
1041;17RC01PM01;10,0;40,41042456337251;-3,722737827252563;1542,2166870415647;25230665;7,3618327220863895;30,21663610431948;16360
1042;18RL29PM01;9,0;40,417934291444766;-3,722908927576882;1482,6493887530562;24256144;3,1982494078879617;47,50657090464548;16360
1043;18RT11PM01;1,0;40,41833275626917;-3,720762067699269;2227,961063569682;36449443;1,3513176749112206;51,70621434392828;16360
1044;03FT08PM01;1,0;40,41912438594904;-3,7207572594256;1866,1880806845966;30530837;1,9639734824943027;54,330241442542786;16360
1045;18RU04PM01;9,0;40,419162852617525;-3,721047753881693;186,87328850855747;3057247;1,4891809290953546;14,632594743276284;16360
1046;03FL08PM02;1,0;40,419134698023946;-3,720883443348872;1008,9089853300734;16505751;1,4525548609339116;52,64783007334963;16360
1047;03FL08PM01;9,0;40,419551806924304;-3,720851153355248;2825,306704969134;46224843;3,2484439085719;59,37346433592079;16361
1048;08RE14PM01;3,0;40,40921010596041;-3,664110839247409;5658,483838319944;89454971;6,59468426271705;73,80159508296963;15809
1049;09XC37PM01;3,0;40,40382312915533;-3,666357477643199;3453,355012224939;56496888;3,996713977167541;57,97911063569682;16360
1050;08RR02PM01;13,0;40,40371782925862;-3,66575272683063;2240,8545843520783;36660381;4,60106122698636;51,599470252648736;16360
1052;09NC51PM01;3,0;40,40367418906725;-3,6665888511278486;2366,907151589242;38722601;2,2766887596656873;63,938610431947836;16360
3411;Av.Pablo Iglesias S-N  - San Francisco de Sales-Reina Victoria;7,0;40,44611888073839;-3,707405106329715;2327,4845183825705;39313541;2,9967339608864685;0,0;16891
3434;Velazquez S-N - Maria Molina-Lopez Hoyos;5,0;40,43804435279764;-3,683018347839082;2018,642620705399;35370656;3,79944736141232;0,0;17522
3435;Maria Molina, 40 O-E - Velazquez-Nuñez de Balboa;4,0;40,43759151702011;-3,682797388236621;2562,91197122795;44894529;5,007702041826036;0,0;17517
3436;Entrada M -30 S-N - M-30 - Méndez Álvaro;13,0;40,39087541981314;-3,677248670716288;2783,163853767378;48646921;7,144177775235043;0,0;17479
3461;Ramon y Cajal, 69 O-E - Gabriel Galan-Alfonso XIII;5,0;40,45239203587277;-3,6684267354175;1738,4261425229645;30469395;4,766227344478044;0,0;17527
3476;TOLEDO N-S(HUMILLADERO-PUERTA TOLEDO);1,0;40,40798514942016;-3,711070038415692;874,0890669719519;15270336;8,602385041022705;0,0;17470
3505;Toledo N-S - Juan Antonio Vallejo- Nájera Botas-Gta.Pirámides;2,0;40,40202283723609;-3,7139347817739767;1412,971398179884;23910302;8,08191013670567;0,0;16922
3511;Filipinas 14 E-O(Entrada Túnel) - Jesús Maestro-Blasco Garay;7,0;40,43974689752706;-3,71096472756006;3888,5760062760246;64437593;5,5924858688874135;0,0;16571
3516;Salida Calle 30 E-O - (Tronco M-30 -Gta.Pirámides)a 280mts;2,0;40,39873046345539;-3,711451139526955;2492,973619596871;43659447;8,34642836749843;0,0;17513
3522;Méndez Álvaro O-E - (Ariel - M-30);2,0;40,39349406697298;-3,678000908462032;1983,9743136561801;33675980;4,518194493539138;0,0;16974
3523;ALFONSO XII S-N (FELIPE IV-MENDEZ NUNEZ);3,0;40,41574418598812;-3,688878236523621;3647,5694992846925;63741277;8,621626132570338;0,0;17475
10834;Condesa de Venadito - Agastia - Torrelaguna;15,0;40,444620683845;-3,653600461967074;367,8658717480603;6447953;2,376188574471322;0,0;17528
10839;Agastia - Ramirez de Arellano - Emilio Vargas;15,0;40,448951589748376;-3,653914752689268;581,0695482394129;8630626;5,593454745393747;0,0;14853
10840;Emilio Vargas - Arturo Soria - Agastia;15,0;40,44889677046437;-3,652115550783333;2039,3337326715728;35747481;5,0460475022343925;0,0;17529
10846;Av. Gran Vía de Hortaleza - Gran Vía de Hortaleza-Leira;16,0;40,46691693439261;-3,653369485313714;1319,5522141063684;23123833;1,5582819751959218;0,0;17524
10885;(TACTICA) PL.ESPANA E-O( GRAN VIA -FERRAZ);9,0;40,422281707633815;-3,71307577175595;560,4010646213726;9790767;59,58634785263198;0,0;17471
10928;Ciudad Encantada - Ankara - Fuente Carrantona;14,0;40,410145808244046;-3,628508184054418;1196,277628801278;20967158;11,357134706452902;0,0;17527
10980;Av. Democracia - Gran Vía del Este - Acceso A3 ;18,0;40,38881641483962;-3,6227076831250256;1423,7520543254964;24949831;1,730655101574983;0,0;17524
11015;Av. Guadlajara - Canillejas a Vicálvaro-Albericia;20,0;40,42265408362512;-3,6118057602396942;321,2795913708481;5629461;2,0102252406498495;0,0;17522
11020;Arequipa - Minaya-Aconcagua;16,0;40,4687223281973;-3,635180784205586;1993,6927071444875;34937471;2,0038043064749296;0,0;17524
11056;Ctra. Estación de Hortaleza - Santa Adela-Doña Guiomar;16,0;40,47765412805025;-3,653592036330336;1243,1716439216582;21771665;1,754929671291802;0,0;17513
