id;año;mes;horas_observadas
1023;2023;1;744
1023;2023;2;672
1023;2023;3;740
1023;2023;4;720
1023;2023;5;744
1023;2023;6;720
1023;2023;7;744
1023;2023;8;743
1023;2023;9;720
1023;2023;10;744
1023;2023;11;720
1023;2023;12;744
1023;2024;1;744
1023;2024;2;694
1023;2024;3;742
1023;2024;4;720
1023;2024;5;744
1023;2024;6;720
1023;2024;7;744
1023;2024;8;744
1023;2024;9;720
1023;2024;10;9
1023;2024;11;162
1023;2024;12;646
1024;2023;1;744
1024;2023;2;672
1024;2023;3;740
1024;2023;4;720
1024;2023;5;744
1024;2023;6;720
1024;2023;7;744
1024;2023;8;743
1024;2023;9;720
1024;2023;10;744
1024;2023;11;720
1024;2023;12;744
1024;2024;1;744
1024;2024;2;694
1024;2024;3;742
1024;2024;4;720
1024;2024;5;744
1024;2024;6;720
1024;2024;7;744
1024;2024;8;744
1024;2024;9;720
1024;2024;10;9
1024;2024;11;279
1024;2024;12;744
1025;2023;1;744
1025;2023;2;672
1025;2023;3;740
1025;2023;4;720
1025;2023;5;744
1025;2023;6;720
1025;2023;7;744
1025;2023;8;743
1025;2023;9;720
1025;2023;10;744
1025;2023;11;720
1025;2023;12;744
1025;2024;1;744
1025;2024;2;694
1025;2024;3;742
1025;2024;4;720
1025;2024;5;744
1025;2024;6;720
1025;2024;7;744
1025;2024;8;744
1025;2024;9;720
1025;2024;10;9
1025;2024;11;279
1025;2024;12;744
1026;2023;1;744
1026;2023;2;672
1026;2023;3;740
1026;2023;4;720
1026;2023;5;744
1026;2023;6;720
1026;2023;7;744
1026;2023;8;743
1026;2023;9;720
1026;2023;10;744
1026;2023;11;720
1026;2023;12;744
1026;2024;1;744
1026;2024;2;694
1026;2024;3;742
1026;2024;4;720
1026;2024;5;744
1026;2024;6;720
1026;2024;7;744
1026;2024;8;744
1026;2024;9;720
1026;2024;10;9
1026;2024;11;279
1026;2024;12;744
1027;2023;1;744
1027;2023;2;672
1027;2023;3;740
1027;2023;4;720
1027;2023;5;744
1027;2023;6;720
1027;2023;7;744
1027;2023;8;743
1027;2023;9;720
1027;2023;10;744
1027;2023;11;720
1027;2023;12;744
1027;2024;1;744
1027;2024;2;694
1027;2024;3;742
1027;2024;4;720
1027;2024;5;744
1027;2024;6;720
1027;2024;7;744
1027;2024;8;744
1027;2024;9;720
1027;2024;10;9
1027;2024;11;264
1027;2024;12;715
1028;2023;1;744
1028;2023;2;672
1028;2023;3;740
1028;2023;4;720
1028;2023;5;744
1028;2023;6;720
1028;2023;7;744
1028;2023;8;743
1028;2023;9;720
1028;2023;10;744
1028;2023;11;720
1028;2023;12;744
1028;2024;1;744
1028;2024;2;694
1028;2024;3;742
1028;2024;4;720
1028;2024;5;744
1028;2024;6;720
1028;2024;7;744
1028;2024;8;744
1028;2024;9;720
1028;2024;10;9
1028;2024;11;279
1028;2024;12;744
1029;2023;1;744
1029;2023;2;672
1029;2023;3;740
1029;2023;4;720
1029;2023;5;744
1029;2023;6;720
1029;2023;7;744
1029;2023;8;743
1029;2023;9;720
1029;2023;10;744
1029;2023;11;720
1029;2023;12;744
1029;2024;1;744
1029;2024;2;694
1029;2024;3;742
1029;2024;4;720
1029;2024;5;744
1029;2024;6;720
1029;2024;7;744
1029;2024;8;744
1029;2024;9;720
1029;2024;10;9
1029;2024;11;279
1029;2024;12;744
1030;2023;1;744
1030;2023;2;672
1030;2023;3;740
1030;2023;4;702
1030;2023;5;744
1030;2023;6;720
1030;2023;7;744
1030;2023;8;743
1030;2023;9;720
1030;2023;10;744
1030;2023;11;720
1030;2023;12;744
1030;2024;1;744
1030;2024;2;694
1030;2024;3;742
1030;2024;4;720
1030;2024;5;744
1030;2024;6;720
1030;2024;7;744
1030;2024;8;744
1030;2024;9;720
1030;2024;10;9
1030;2024;11;279
1030;2024;12;744
1031;2023;1;744
1031;2023;2;672
1031;2023;3;740
1031;2023;4;720
1031;2023;5;744
1031;2023;6;720
1031;2023;7;744
1031;2023;8;743
1031;2023;9;720
1031;2023;10;744
1031;2023;11;720
1031;2023;12;744
1031;2024;1;744
1031;2024;2;694
1031;2024;3;742
1031;2024;4;720
1031;2024;5;744
1031;2024;6;720
1031;2024;7;744
1031;2024;8;744
1031;2024;9;720
1031;2024;10;9
1031;2024;11;264
1031;2024;12;714
1032;2023;1;744
1032;2023;2;672
1032;2023;3;740
1032;2023;4;720
1032;2023;5;744
1032;2023;6;720
1032;2023;7;744
1032;2023;8;743
1032;2023;9;720
1032;2023;10;744
1032;2023;11;720
1032;2023;12;744
1032;2024;1;744
1032;2024;2;694
1032;2024;3;742
1032;2024;4;720
1032;2024;5;744
1032;2024;6;720
1032;2024;7;744
1032;2024;8;744
1032;2024;9;720
1032;2024;10;9
1032;2024;11;264
1032;2024;12;714
1033;2023;1;744
1033;2023;2;672
1033;2023;3;740
1033;2023;4;720
1033;2023;5;744
1033;2023;6;720
1033;2023;7;744
1033;2023;8;743
1033;2023;9;720
1033;2023;10;744
1033;2023;11;720
1033;2023;12;744
1033;2024;1;744
1033;2024;2;694
1033;2024;3;742
1033;2024;4;720
1033;2024;5;744
1033;2024;6;720
1033;2024;7;744
1033;2024;8;744
1033;2024;9;720
1033;2024;10;9
1033;2024;11;264
1033;2024;12;714
1034;2023;1;744
1034;2023;2;672
1034;2023;3;740
1034;2023;4;720
1034;2023;5;744
1034;2023;6;720
1034;2023;7;744
1034;2023;8;743
1034;2023;9;720
1034;2023;10;744
1034;2023;11;720
1034;2023;12;744
1034;2024;1;744
1034;2024;2;694
1034;2024;3;742
1034;2024;4;720
1034;2024;5;744
1034;2024;6;720
1034;2024;7;744
1034;2024;8;744
1034;2024;9;720
1034;2024;10;9
1034;2024;11;264
1034;2024;12;715
1035;2023;1;744
1035;2023;2;672
1035;2023;3;740
1035;2023;4;720
1035;2023;5;744
1035;2023;6;720
1035;2023;7;744
1035;2023;8;743
1035;2023;9;720
1035;2023;10;744
1035;2023;11;720
1035;2023;12;744
1035;2024;1;744
1035;2024;2;694
1035;2024;3;742
1035;2024;4;720
1035;2024;5;744
1035;2024;6;720
1035;2024;7;744
1035;2024;8;744
1035;2024;9;720
1035;2024;10;9
1035;2024;11;279
1035;2024;12;744
1036;2023;1;744
1036;2023;2;672
1036;2023;3;740
1036;2023;4;720
1036;2023;5;744
1036;2023;6;720
1036;2023;7;744
1036;2023;8;743
1036;2023;9;720
1036;2023;10;744
1036;2023;11;720
1036;2023;12;744
1036;2024;1;744
1036;2024;2;694
1036;2024;3;742
1036;2024;4;720
1036;2024;5;744
1036;2024;6;720
1036;2024;7;744
1036;2024;8;744
1036;2024;9;720
1036;2024;10;9
1036;2024;11;271
1036;2024;12;714
1037;2023;1;744
1037;2023;2;672
1037;2023;3;740
1037;2023;4;720
1037;2023;5;744
1037;2023;6;720
1037;2023;7;744
1037;2023;8;743
1037;2023;9;720
1037;2023;10;744
1037;2023;11;720
1037;2023;12;744
1037;2024;1;744
1037;2024;2;694
1037;2024;3;742
1037;2024;4;720
1037;2024;5;744
1037;2024;6;720
1037;2024;7;744
1037;2024;8;744
1037;2024;9;720
1037;2024;10;9
1037;2024;11;271
1037;2024;12;714
1038;2023;1;744
1038;2023;2;672
1038;2023;3;740
1038;2023;4;720
1038;2023;5;744
1038;2023;6;720
1038;2023;7;744
1038;2023;8;743
1038;2023;9;720
1038;2023;10;744
1038;2023;11;720
1038;2023;12;744
1038;2024;1;744
1038;2024;2;694
1038;2024;3;742
1038;2024;4;720
1038;2024;5;744
1038;2024;6;720
1038;2024;7;744
1038;2024;8;744
1038;2024;9;720
1038;2024;10;9
1038;2024;11;264
1038;2024;12;714
1039;2023;1;744
1039;2023;2;672
1039;2023;3;740
1039;2023;4;720
1039;2023;5;744
1039;2023;6;720
1039;2023;7;744
1039;2023;8;743
1039;2023;9;720
1039;2023;10;744
1039;2023;11;720
1039;2023;12;744
1039;2024;1;744
1039;2024;2;694
1039;2024;3;742
1039;2024;4;720
1039;2024;5;744
1039;2024;6;720
1039;2024;7;744
1039;2024;8;744
1039;2024;9;720
1039;2024;10;9
1039;2024;11;264
1039;2024;12;713
1040;2023;1;744
1040;2023;2;672
1040;2023;3;740
1040;2023;4;720
1040;2023;5;744
1040;2023;6;720
1040;2023;7;744
1040;2023;8;743
1040;2023;9;720
1040;2023;10;744
1040;2023;11;720
1040;2023;12;744
1040;2024;1;744
1040;2024;2;694
1040;2024;3;742
1040;2024;4;720
1040;2024;5;744
1040;2024;6;720
1040;2024;7;744
1040;2024;8;744
1040;2024;9;720
1040;2024;10;9
1040;2024;11;264
1040;2024;12;714
1041;2023;1;744
1041;2023;2;672
1041;2023;3;740
1041;2023;4;720
1041;2023;5;744
1041;2023;6;720
1041;2023;7;744
1041;2023;8;743
1041;2023;9;720
1041;2023;10;744
1041;2023;11;720
1041;2023;12;744
1041;2024;1;744
1041;2024;2;694
1041;2024;3;742
1041;2024;4;720
1041;2024;5;744
1041;2024;6;720
1041;2024;7;744
1041;2024;8;744
1041;2024;9;720
1041;2024;10;9
1041;2024;11;264
1041;2024;12;714
1042;2023;1;744
1042;2023;2;672
1042;2023;3;740
1042;2023;4;720
1042;2023;5;744
1042;2023;6;720
1042;2023;7;744
1042;2023;8;743
1042;2023;9;720
1042;2023;10;744
1042;2023;11;720
1042;2023;12;744
1042;2024;1;744
1042;2024;2;694
1042;2024;3;742
1042;2024;4;720
1042;2024;5;744
1042;2024;6;720
1042;2024;7;744
1042;2024;8;744
1042;2024;9;720
1042;2024;10;9
1042;2024;11;264
1042;2024;12;714
1043;2023;1;744
1043;2023;2;672
1043;2023;3;740
1043;2023;4;720
1043;2023;5;744
1043;2023;6;720
1043;2023;7;744
1043;2023;8;743
1043;2023;9;720
1043;2023;10;744
1043;2023;11;720
1043;2023;12;744
1043;2024;1;744
1043;2024;2;694
1043;2024;3;742
1043;2024;4;720
1043;2024;5;744
1043;2024;6;720
1043;2024;7;744
1043;2024;8;744
1043;2024;9;720
1043;2024;10;9
1043;2024;11;264
1043;2024;12;715
1044;2023;1;744
1044;2023;2;672
1044;2023;3;740
1044;2023;4;720
1044;2023;5;744
1044;2023;6;720
1044;2023;7;744
1044;2023;8;743
1044;2023;9;720
1044;2023;10;744
1044;2023;11;720
1044;2023;12;744
1044;2024;1;744
1044;2024;2;694
1044;2024;3;742
1044;2024;4;720
1044;2024;5;744
1044;2024;6;720
1044;2024;7;744
1044;2024;8;744
1044;2024;9;720
1044;2024;10;9
1044;2024;11;264
1044;2024;12;714
1045;2023;1;744
1045;2023;2;672
1045;2023;3;740
1045;2023;4;720
1045;2023;5;744
1045;2023;6;720
1045;2023;7;744
1045;2023;8;743
1045;2023;9;720
1045;2023;10;744
1045;2023;11;720
1045;2023;12;744
1045;2024;1;744
1045;2024;2;694
1045;2024;3;742
1045;2024;4;720
1045;2024;5;744
1045;2024;6;720
1045;2024;7;744
1045;2024;8;744
1045;2024;9;720
1045;2024;10;9
1045;2024;11;264
1045;2024;12;714
1046;2023;1;744
1046;2023;2;672
1046;2023;3;740
1046;2023;4;720
1046;2023;5;744
1046;2023;6;720
1046;2023;7;744
1046;2023;8;743
1046;2023;9;720
1046;2023;10;744
1046;2023;11;720
1046;2023;12;744
1046;2024;1;744
1046;2024;2;694
1046;2024;3;742
1046;2024;4;720
1046;2024;5;744
1046;2024;6;720
1046;2024;7;744
1046;2024;8;744
1046;2024;9;720
1046;2024;10;9
1046;2024;11;264
1046;2024;12;713
1047;2023;1;744
1047;2023;2;672
1047;2023;3;742
1047;2023;4;720
1047;2023;5;744
1047;2023;6;720
1047;2023;7;744
1047;2023;8;743
1047;2023;9;720
1047;2023;10;744
1047;2023;11;720
1047;2023;12;744
1047;2024;1;744
1047;2024;2;694
1047;2024;3;742
1047;2024;4;720
1047;2024;5;744
1047;2024;6;720
1047;2024;7;744
1047;2024;8;744
1047;2024;9;720
1047;2024;10;9
1047;2024;11;264
1047;2024;12;713
1048;2023;1;744
1048;2023;2;672
1048;2023;3;740
1048;2023;4;720
1048;2023;5;744
1048;2023;6;720
1048;2023;7;744
1048;2023;8;743
1048;2023;9;720
1048;2023;10;744
1048;2023;11;720
1048;2023;12;744
1048;2024;1;744
1048;2024;2;694
1048;2024;3;742
1048;2024;4;720
1048;2024;5;744
1048;2024;6;720
1048;2024;7;744
1048;2024;8;744
1048;2024;9;720
1048;2024;10;9
1048;2024;12;449
1049;2023;1;744
1049;2023;2;672
1049;2023;3;740
1049;2023;4;720
1049;2023;5;744
1049;2023;6;720
1049;2023;7;744
1049;2023;8;743
1049;2023;9;720
1049;2023;10;744
1049;2023;11;720
1049;2023;12;744
1049;2024;1;744
1049;2024;2;694
1049;2024;3;742
1049;2024;4;720
1049;2024;5;744
1049;2024;6;720
1049;2024;7;744
1049;2024;8;744
1049;2024;9;720
1049;2024;10;9
1049;2024;11;264
1049;2024;12;714
1050;2023;1;744
1050;2023;2;672
1050;2023;3;740
1050;2023;4;720
1050;2023;5;744
1050;2023;6;720
1050;2023;7;744
1050;2023;8;743
1050;2023;9;720
1050;2023;10;744
1050;2023;11;720
1050;2023;12;744
1050;2024;1;744
1050;2024;2;694
1050;2024;3;742
1050;2024;4;720
1050;2024;5;744
1050;2024;6;720
1050;2024;7;744
1050;2024;8;744
1050;2024;9;720
1050;2024;10;9
1050;2024;11;264
1050;2024;12;714
1052;2023;1;744
1052;2023;2;672
1052;2023;3;740
1052;2023;4;720
1052;2023;5;744
1052;2023;6;720
1052;2023;7;744
1052;2023;8;743
1052;2023;9;720
1052;2023;10;744
1052;2023;11;720
1052;2023;12;744
1052;2024;1;744
1052;2024;2;694
1052;2024;3;742
1052;2024;4;720
1052;2024;5;744
1052;2024;6;720
1052;2024;7;744
1052;2024;8;744
1052;2024;9;720
1052;2024;10;9
1052;2024;11;264
1052;2024;12;714
3411;2023;1;744
3411;2023;2;672
3411;2023;3;740
3411;2023;4;720
3411;2023;5;744
3411;2023;6;720
3411;2023;7;744
3411;2023;8;739
3411;2023;9;720
3411;2023;10;741
3411;2023;11;710
3411;2023;12;739
3411;2024;1;744
3411;2024;2;693
3411;2024;3;742
3411;2024;4;719
3411;2024;5;731
3411;2024;6;719
3411;2024;7;103
3411;2024;8;737
3411;2024;9;720
3411;2024;10;744
3411;2024;11;707
3411;2024;12;744
3434;2023;1;744
3434;2023;2;672
3434;2023;3;735
3434;2023;4;711
3434;2023;5;740
3434;2023;6;720
3434;2023;7;744
3434;2023;8;741
3434;2023;9;719
3434;2023;10;742
3434;2023;11;711
3434;2023;12;740
3434;2024;1;744
3434;2024;2;693
3434;2024;3;742
3434;2024;4;715
3434;2024;5;731
3434;2024;6;718
3434;2024;7;744
3434;2024;8;736
3434;2024;9;720
3434;2024;10;744
3434;2024;11;711
3434;2024;12;744
3435;2023;1;744
3435;2023;2;669
3435;2023;3;735
3435;2023;4;712
3435;2023;5;738
3435;2023;6;720
3435;2023;7;744
3435;2023;8;741
3435;2023;9;719
3435;2023;10;743
3435;2023;11;712
3435;2023;12;740
3435;2024;1;744
3435;2024;2;693
3435;2024;3;742
3435;2024;4;714
3435;2024;5;731
3435;2024;6;719
3435;2024;7;744
3435;2024;8;737
3435;2024;9;720
3435;2024;10;743
3435;2024;11;711
3435;2024;12;744
3436;2023;1;744
3436;2023;2;668
3436;2023;3;740
3436;2023;4;720
3436;2023;5;694
3436;2023;6;720
3436;2023;7;742
3436;2023;8;739
3436;2023;9;719
3436;2023;10;743
3436;2023;11;716
3436;2023;12;739
3436;2024;1;744
3436;2024;2;693
3436;2024;3;742
3436;2024;4;719
3436;2024;5;730
3436;2024;6;717
3436;2024;7;744
3436;2024;8;737
3436;2024;9;720
3436;2024;10;743
3436;2024;11;710
3436;2024;12;744
3461;2023;1;744
3461;2023;2;671
3461;2023;3;735
3461;2023;4;720
3461;2023;5;744
3461;2023;6;720
3461;2023;7;744
3461;2023;8;740
3461;2023;9;720
3461;2023;10;743
3461;2023;11;720
3461;2023;12;736
3461;2024;1;744
3461;2024;2;693
3461;2024;3;741
3461;2024;4;719
3461;2024;5;731
3461;2024;6;719
3461;2024;7;743
3461;2024;8;734
3461;2024;9;720
3461;2024;10;744
3461;2024;11;711
3461;2024;12;741
3476;2023;1;744
3476;2023;2;642
3476;2023;3;738
3476;2023;4;719
3476;2023;5;743
3476;2023;6;719
3476;2023;7;742
3476;2023;8;712
3476;2023;9;720
3476;2023;10;740
3476;2023;11;719
3476;2023;12;727
3476;2024;1;725
3476;2024;2;681
3476;2024;3;741
3476;2024;4;719
3476;2024;5;724
3476;2024;6;708
3476;2024;7;741
3476;2024;8;731
3476;2024;9;720
3476;2024;10;743
3476;2024;11;710
3476;2024;12;744
3505;2023;1;744
3505;2023;2;637
3505;2023;3;157
3505;2023;4;710
3505;2023;5;744
3505;2023;6;720
3505;2023;7;744
3505;2023;8;738
3505;2023;9;720
3505;2023;10;743
3505;2023;11;719
3505;2023;12;739
3505;2024;1;744
3505;2024;2;692
3505;2024;3;741
3505;2024;4;710
3505;2024;5;730
3505;2024;6;705
3505;2024;7;740
3505;2024;8;737
3505;2024;9;720
3505;2024;10;729
3505;2024;11;701
3505;2024;12;744
3511;2023;1;744
3511;2023;2;666
3511;2023;3;699
3511;2023;4;637
3511;2023;5;662
3511;2023;6;624
3511;2023;7;654
3511;2023;8;633
3511;2023;9;677
3511;2023;10;732
3511;2023;11;707
3511;2023;12;740
3511;2024;1;744
3511;2024;2;690
3511;2024;3;741
3511;2024;4;719
3511;2024;5;704
3511;2024;6;716
3511;2024;7;744
3511;2024;8;264
3511;2024;9;542
3511;2024;10;735
3511;2024;11;709
3511;2024;12;744
3516;2023;1;744
3516;2023;2;672
3516;2023;3;740
3516;2023;4;712
3516;2023;5;744
3516;2023;6;719
3516;2023;7;744
3516;2023;8;739
3516;2023;9;719
3516;2023;10;743
3516;2023;11;720
3516;2023;12;740
3516;2024;1;744
3516;2024;2;693
3516;2024;3;741
3516;2024;4;716
3516;2024;5;731
3516;2024;6;705
3516;2024;7;740
3516;2024;8;737
3516;2024;9;720
3516;2024;10;743
3516;2024;11;706
3516;2024;12;744
3522;2023;1;744
3522;2023;2;672
3522;2023;3;740
3522;2023;4;720
3522;2023;5;744
3522;2023;6;717
3522;2023;7;744
3522;2023;8;738
3522;2023;9;720
3522;2023;10;743
3522;2023;11;720
3522;2023;12;719
3522;2024;1;86
3522;2024;2;691
3522;2024;3;725
3522;2024;4;719
3522;2024;5;730
3522;2024;6;719
3522;2024;7;744
3522;2024;8;737
3522;2024;9;720
3522;2024;10;744
3522;2024;11;710
3522;2024;12;744
3523;2023;1;744
3523;2023;2;662
3523;2023;3;737
3523;2023;4;718
3523;2023;5;741
3523;2023;6;718
3523;2023;7;744
3523;2023;8;720
3523;2023;9;716
3523;2023;10;740
3523;2023;11;719
3523;2023;12;727
3523;2024;1;725
3523;2024;2;680
3523;2024;3;739
3523;2024;4;719
3523;2024;5;736
3523;2024;6;707
3523;2024;7;742
3523;2024;8;732
3523;2024;9;720
3523;2024;10;743
3523;2024;11;710
3523;2024;12;744
10834;2023;1;744
10834;2023;2;666
10834;2023;3;737
10834;2023;4;715
10834;2023;5;740
10834;2023;6;709
10834;2023;7;737
10834;2023;8;727
10834;2023;9;714
10834;2023;10;737
10834;2023;11;715
10834;2023;12;736
10834;2024;1;742
10834;2024;2;692
10834;2024;3;735
10834;2024;4;717
10834;2024;5;730
10834;2024;6;716
10834;2024;7;741
10834;2024;8;730
10834;2024;9;720
10834;2024;10;744
10834;2024;11;707
10834;2024;12;739
10839;2023;1;744
10839;2023;2;672
10839;2023;3;740
10839;2023;4;720
10839;2023;5;744
10839;2023;6;712
10839;2023;7;744
10839;2023;8;738
10839;2023;9;719
10839;2023;10;743
10839;2023;11;132
10839;2023;12;102
10839;2024;1;744
10839;2024;2;693
10839;2024;3;740
10839;2024;4;719
10839;2024;5;735
10839;2024;6;651
10839;2024;8;86
10839;2024;9;716
10839;2024;10;744
10839;2024;11;710
10839;2024;12;743
10840;2023;1;744
10840;2023;2;672
10840;2023;3;740
10840;2023;4;719
10840;2023;5;743
10840;2023;6;711
10840;2023;7;744
10840;2023;8;735
10840;2023;9;715
10840;2023;10;743
10840;2023;11;720
10840;2023;12;743
10840;2024;1;744
10840;2024;2;692
10840;2024;3;739
10840;2024;4;718
10840;2024;5;735
10840;2024;6;718
10840;2024;7;744
10840;2024;8;737
10840;2024;9;717
10840;2024;10;744
10840;2024;11;710
10840;2024;12;744
10846;2023;1;744
10846;2023;2;666
10846;2023;3;740
10846;2023;4;715
10846;2023;5;744
10846;2023;6;712
10846;2023;7;744
10846;2023;8;721
10846;2023;9;717
10846;2023;10;737
10846;2023;11;720
10846;2023;12;741
10846;2024;1;743
10846;2024;2;692
10846;2024;3;739
10846;2024;4;718
10846;2024;5;733
10846;2024;6;719
10846;2024;7;740
10846;2024;8;724
10846;2024;9;720
10846;2024;10;738
10846;2024;11;710
10846;2024;12;741
10885;2023;1;744
10885;2023;2;643
10885;2023;3;730
10885;2023;4;720
10885;2023;5;743
10885;2023;6;716
10885;2023;7;741
10885;2023;8;718
10885;2023;9;720
10885;2023;10;740
10885;2023;11;719
10885;2023;12;727
10885;2024;1;723
10885;2024;2;683
10885;2024;3;742
10885;2024;4;719
10885;2024;5;736
10885;2024;6;707
10885;2024;7;739
10885;2024;8;732
10885;2024;9;719
10885;2024;10;737
10885;2024;11;709
10885;2024;12;743
10928;2023;1;744
10928;2023;2;668
10928;2023;3;740
10928;2023;4;718
10928;2023;5;744
10928;2023;6;712
10928;2023;7;744
10928;2023;8;729
10928;2023;9;718
10928;2023;10;743
10928;2023;11;720
10928;2023;12;744
10928;2024;1;744
10928;2024;2;693
10928;2024;3;741
10928;2024;4;718
10928;2024;5;735
10928;2024;6;719
10928;2024;7;744
10928;2024;8;737
10928;2024;9;720
10928;2024;10;742
10928;2024;11;710
10928;2024;12;744
10980;2023;1;744
10980;2023;2;665
10980;2023;3;740
10980;2023;4;720
10980;2023;5;744
10980;2023;6;712
10980;2023;7;744
10980;2023;8;726
10980;2023;9;718
10980;2023;10;743
10980;2023;11;720
10980;2023;12;744
10980;2024;1;736
10980;2024;2;693
10980;2024;3;740
10980;2024;4;718
10980;2024;5;734
10980;2024;6;719
10980;2024;7;744
10980;2024;8;737
10980;2024;9;720
10980;2024;10;744
10980;2024;11;708
10980;2024;12;744
11015;2023;1;744
11015;2023;2;669
11015;2023;3;737
11015;2023;4;720
11015;2023;5;744
11015;2023;6;711
11015;2023;7;744
11015;2023;8;728
11015;2023;9;719
11015;2023;10;743
11015;2023;11;720
11015;2023;12;739
11015;2024;1;743
11015;2024;2;693
11015;2024;3;741
11015;2024;4;718
11015;2024;5;735
11015;2024;6;719
11015;2024;7;744
11015;2024;8;737
11015;2024;9;720
11015;2024;10;744
11015;2024;11;709
11015;2024;12;744
11020;2023;1;744
11020;2023;2;669
11020;2023;3;740
11020;2023;4;720
11020;2023;5;744
11020;2023;6;712
11020;2023;7;744
11020;2023;8;731
11020;2023;9;719
11020;2023;10;736
11020;2023;11;720
11020;2023;12;744
11020;2024;1;744
11020;2024;2;693
11020;2024;3;739
11020;2024;4;719
11020;2024;5;735
11020;2024;6;719
11020;2024;7;744
11020;2024;8;737
11020;2024;9;720
11020;2024;10;744
11020;2024;11;710
11020;2024;12;739
11056;2023;1;744
11056;2023;2;668
11056;2023;3;740
11056;2023;4;719
11056;2023;5;744
11056;2023;6;712
11056;2023;7;743
11056;2023;8;729
11056;2023;9;719
11056;2023;10;737
11056;2023;11;718
11056;2023;12;744
11056;2024;1;744
11056;2024;2;643
11056;2024;3;739
11056;2024;4;719
11056;2024;5;734
11056;2024;6;719
11056;2024;7;743
11056;2024;8;737
11056;2024;9;720
11056;2024;10;742
11056;2024;11;710
11056;2024;12;744
